MatchID,BatterID,DismissalID,DismissalText,BowlerID,FielderID
6848428,11399613,1,no,,
6848428,11399629,2,c C Fraser b J Snoep,11290496.0,11979082.0
6848428,11862354,1,no,,
6848428,11862355,2,c R Mudford b J Snoep,11290496.0,11866001.0
6848428,11111332,2,c D Crowley b A Leonard,11862356.0,11619253.0
6848428,11111550,2,c YJ Patel b D Crowley,11619253.0,11194218.0
6848428,11392370,1,no,,
6848428,11617390,2,c YJ Patel b H Overdijk,11399616.0,11194218.0
6848428,11866000,1,no,,
6848428,11866001,2,c B Gorlee b TAD Leijer,11864827.0,11399613.0
6848428,11900880,2,c B Gorlee b A Leonard,11862356.0,11399613.0
6848428,11979082,2,c  ?  b H Overdijk,11399616.0,11396786.0
6848429,11192709,6,ro,,
6848429,11193244,6,ro,,
6848429,11383378,2,c NRJ Croes b M Molenaar,11812783.0,11854467.0
6848429,11383382,12,of,,
6848429,11391030,2,c NRJ Croes b T Leede de,11193417.0,11854467.0
6848429,11510260,6,ro,,
6848429,11859291,2,c G Kaplan b F Lange de,11193415.0,11384036.0
6848429,11859687,4,b M Molenaar,11812783.0,
6848429,11859688,1,no,,
6848429,11859689,4,b F Lange de,11193415.0,
6848429,11193361,3,lbw  b J Schoonheim,11383382.0,
6848429,11193381,2,c AF Hoseinbaks b J McKenzie,11859688.0,11403873.0
6848429,11193413,2,c A JAIN b A Jain,11383378.0,11192709.0
6848429,11193415,1,no,,
6848429,11193417,2,c Jvd Meulen b A JAIN,11192709.0,11859687.0
6848429,11384036,2,c Jvd Meulen b AF Hoseinbaks,11403873.0,11859687.0
6848429,11392348,2,c Jvd Meulen b AF Hoseinbaks,11403873.0,11859687.0
6848429,11392357,1,no,,
6848429,11812783,5,st F Fourie b A Jain,11383378.0,11391030.0
6848429,11854467,2,c Td Kok b J Schoonheim,11383382.0,11193244.0
6848431,11194440,6,ro (S Zulfiqar),,11192213.0
6848431,11194452,1,no,,
6848431,11194489,2,c MN Ahmad b S Zulfiqar,11192213.0,11391641.0
6848431,11298677,1,no,,
6848431,11404048,6,ro (S Butt),,11193117.0
6848431,11404050,4,b S Kamal,11392354.0,
6848431,11756715,2,c M Riaz b S Minhas,11617917.0,11403792.0
6848431,11862334,2,c S Butt b S Kamal,11392354.0,11193117.0
6848431,11862335,2,c M Shafiq b S Tariq,11192210.0,11617919.0
6848431,11192213,2,c & b L Botha,11862334.0,11862334.0
6848431,11192223,2,c LD Bianco b L Botha,11862334.0,11756715.0
6848431,11193117,1,no,,
6848431,11391641,2,c & b L Botha,11862334.0,11862334.0
6848431,11392354,1,no,,
6848431,11394552,4,b E Boendermaker,11194461.0,
6848431,11403792,2,c & b M Villiers De,11862335.0,11862335.0
6848431,11617917,2,c A Khan b E Boendermaker,11194461.0,11194489.0
6848431,11617919,2,c & b M Villiers De,11862335.0,11862335.0
6848431,11859217,4,b L Botha,11862334.0,
6848432,11193669,1,no,,
6848432,11862138,1,no,,
6848433,-101,4,b C Floyd,11862290.0,
6848433,11111550,3,lbw  b B Fletcher,11862142.0,
6848433,11111557,2,c B Fletcher b T Iles,11862144.0,11862142.0
6848433,11111561,4,b S Ahmad,11191797.0,
6848433,11111711,3,lbw  b E Eales,11862143.0,
6848433,11178284,1,no,,
6848433,11191600,2,c S Ahmad b C Floyd,11862290.0,11191797.0
6848433,11290496,4,b B Fletcher,11862142.0,
6848433,11414154,2,c T Iles b S Ahmad,11191797.0,11862144.0
6848433,11866000,2,c D Prince b E Eales,11862143.0,11862145.0
6848433,11866001,2,c & b T Iles,11862144.0,11862144.0
6848433,11191797,1,no,,
6848433,11625298,4,b,11862134.0,
6848433,11625306,3,lbw,11862134.0,
6848433,11862138,4,b,11862134.0,
6848433,11862145,2,c S Martina b T Hoornweg,11178284.0,11866000.0
6848433,11862290,1,no,,
6848434,11192213,2,c R Thapliyal b O Elenbaas,11407023.0,11861207.0
6848434,11193117,2,c R Elenbaas b N Woermeijer,11617335.0,11407024.0
6848434,11391641,2,c S Braat b O Elenbaas,11407023.0,11407027.0
6848434,11394552,2,c N Statham b N Woermeijer,11617335.0,11407022.0
6848434,11403792,1,no,,
6848434,11617917,2,c S Braat b A Jabarkhail,11857734.0,11407027.0
6848434,11859217,1,no,,
6848434,11407022,2,c S Zulfiqar b B Niaz,11382373.0,11192213.0
6848434,11407023,2,c B Niaz b S Tariq,11192210.0,11382373.0
6848434,11407024,2,c MN Ahmad b S Tariq,11192210.0,11391641.0
6848434,11407027,2,c MN Ahmad b B Niaz,11382373.0,11391641.0
6848434,11617335,2,c M Shafiq b S Zulfiqar,11192213.0,11617919.0
6848434,11617906,2,c S Zulfiqar b S Tariq,11192210.0,11192213.0
6848434,11617907,2,c M Riaz b MN Ahmad,11391641.0,11403792.0
6848434,11857734,1,no,,
6848434,11859287,2,c J Vandiar b B Niaz,11382373.0,11394552.0
6848434,11859288,2,c M Riaz b B Niaz,11382373.0,11403792.0
6848434,11861207,2,c MN Ahmad b S Zulfiqar,11192213.0,11391641.0
6848435,11190891,2,c T Walbrugh b Jd Mey,11194440.0,11298677.0
6848435,11192283,2,c R Mason b B Boddendijk,11404047.0,11404050.0
6848435,11394589,1,no,,
6848435,11394591,2,c T Walbrugh b Jd Mey,11194440.0,11298677.0
6848435,11394592,2,c M Villiers De b L Botha,11862334.0,11862335.0
6848435,11394599,2,c LD Bianco b A Singh,11381351.0,11756715.0
6848435,11403866,3,lbw  b M Villiers De,11862335.0,
6848435,11617280,4,b A Singh,11381351.0,
6848435,11862357,2,c L Botha b M Villiers De,11862335.0,11862334.0
6848435,11862358,2,c R Mason b B Boddendijk,11404047.0,11404050.0
6848435,11862359,2,c L Botha b B Boddendijk,11404047.0,11862334.0
6848435,11194440,4,b G Sheena,11862357.0,
6848435,11194461,3,lbw,11192282.0,
6848435,11194489,4,b S Kothari,11394599.0,
6848435,11298677,2,c S Potdar b D Arya,11394589.0,11394592.0
6848435,11381351,1,no,,
6848435,11404047,4,b D Arya,11394589.0,
6848435,11404048,2,c M Hans b S Kothari,11394599.0,11617280.0
6848435,11404050,2,c M Hans b G Sheena,11862357.0,11617280.0
6848435,11756715,2,c R Ahmed b S Kothari,11394599.0,11403866.0
6848435,11862334,2,c & b I Sayed,11862359.0,11862359.0
6848435,11862335,2,c Bvd Merwe b I Sayed,11862359.0,11862358.0
6848436,11193361,1,no,,
6848436,11193381,4,b J Ralston,11862283.0,
6848436,11193413,4,b V Lubbers,11403951.0,
6848436,11384036,2,c T Etman b N Etman,11382040.0,11382041.0
6848436,11392357,2,c R Verhagen b J Ralston,11862283.0,11382053.0
6848436,11812783,1,no,,
6848436,11854467,4,b J Ralston,11862283.0,
6848436,11191642,2,c & b P Boissevain,11193361.0,11193361.0
6848436,11191716,4,b G Kaplan,11384036.0,
6848436,11381929,2,c F Lange de b T Leede de,11193417.0,11193415.0
6848436,11382040,1,no,,
6848436,11382041,2,c P Boissevain b MV Van Vliet,11619273.0,11193361.0
6848436,11382053,4,b P Boissevain,11193361.0,
6848436,11403951,1,no,,
6848436,11855810,2,c P Boissevain b F Lange de,11193415.0,11193361.0
6848437,11194169,4,b A Jain,11383378.0,
6848437,11194218,1,no,,
6848437,11399613,4,b A Jain,11383378.0,
6848437,11399616,4,b J McKenzie,11859688.0,
6848437,11399629,2,c A Jain b R Upadhyaya,11383386.0,11383378.0
6848437,11403987,1,no,,
6848437,11619253,2,c R Schierhout b AF Hoseinbaks,11403873.0,11859689.0
6848437,11862354,6,ro (R Harhangi),,11136654.0
6848437,11862355,2,c J McKenzie b R Upadhyaya,11383386.0,11859688.0
6848437,11136654,1,no,,
6848437,11192709,2,c J Wiggins b H Overdijk,11399616.0,11862354.0
6848437,11193244,2,c B Gorlee b TAD Leijer,11864827.0,11399613.0
6848437,11383378,2,c J Wiggins b TAD Leijer,11864827.0,11862354.0
6848437,11383386,4,b,11396786.0,
6848437,11391030,2,c C McInerney b A Leonard,11862356.0,11862355.0
6848437,11403873,2,c D Crowley b C McInerney,11862355.0,11619253.0
6848437,11859291,2,c YJ Patel b H Overdijk,11399616.0,11194218.0
6848437,11859687,2,c YJ Patel b D Crowley,11619253.0,11194218.0
6848437,11859688,2,c TAD Leijer b J Wiggins,11862354.0,11864827.0
6848437,11859689,2,c YJ Patel b D Crowley,11619253.0,11194218.0
6848438,11193244,1,no,,
6848438,11391030,3,lbw  b U Baker,11191600.0,
6848438,11859291,2,c P Balwantsingh b M Singh,11111557.0,11111561.0
6848438,11859688,1,no,,
6848438,11859689,2,c F Bashir b C Fraser,11979082.0,11111711.0
6848438,11111550,2,c T Bettelheim b R Harhangi,11136654.0,11859291.0
6848438,11111557,3,lbw  b A Jain,11383378.0,
6848438,11111561,4,b AF Hoseinbaks,11403873.0,
6848438,11111711,4,b J Schoonheim,11383382.0,
6848438,11178284,1,no,,
6848438,11191600,3,lbw  b AF Hoseinbaks,11403873.0,
6848438,11290496,2,c F Fourie b AF Hoseinbaks,11403873.0,11391030.0
6848438,11382384,2,c A Jain b AF Hoseinbaks,11403873.0,11383378.0
6848438,11866000,2,c & b J Schoonheim,11383382.0,11383382.0
6848438,11866001,6,ro,,
6848438,11979082,2,c T Bettelheim b J McKenzie,11859688.0,11859291.0
6848439,11191603,1,no,,
6848439,11191642,2,c YJ Patel b TAD Leijer,11864827.0,11194218.0
6848439,11191716,4,b TAD Leijer,11864827.0,
6848439,11381929,2,c & b J Wiggins,11862354.0,11862354.0
6848439,11382040,2,c  ?  b J Wiggins,11862354.0,11396786.0
6848439,11382041,2,c D Crowley b TAD Leijer,11864827.0,11619253.0
6848439,11382047,5,st YJ Patel b J Wiggins,11862354.0,11194218.0
6848439,11382053,2,c YJ Patel b D Crowley,11619253.0,11194218.0
6848439,11403951,2,c YJ Patel b TAD Leijer,11864827.0,11194218.0
6848439,11855810,4,b D Crowley,11619253.0,
6848439,11862283,4,b A Leonard,11862356.0,
6848439,11193353,4,b LA Kroesen,11382047.0,
6848439,11194218,2,c N Etman b LA Kroesen,11382047.0,11382040.0
6848439,11399613,4,b L Ingram,11191642.0,
6848439,11399629,2,c R Verhagen b N Etman,11382040.0,11382053.0
6848439,11403987,1,no,,
6848439,11619253,2,c R Verhagen b J Ralston,11862283.0,11382053.0
6848439,11862354,2,c R Verhagen b V Lubbers,11403951.0,11382053.0
6848439,11862355,2,c R Verhagen b V Lubbers,11403951.0,11382053.0
6848439,11862356,6,ro (J Ralston),,11862283.0
6848440,11194440,1,no,,
6848440,11298677,2,c NRJ Croes b MV Van Vliet,11619273.0,11854467.0
6848440,11404044,1,no,,
6848440,11404048,2,c NRJ Croes b MV Van Vliet,11619273.0,11854467.0
6848440,11404050,2,c M Molenaar b P Boissevain,11193361.0,11812783.0
6848440,11756715,2,c NRJ Croes b MV Van Vliet,11619273.0,11854467.0
6848440,11862334,2,c G Kaplan b MV Van Vliet,11619273.0,11384036.0
6848440,11862335,2,c T Leede de b M Molenaar,11812783.0,11193417.0
6848440,11193361,2,c M Scholte b M Villiers De,11862335.0,11404048.0
6848440,11193381,4,b Jd Mey,11194440.0,
6848440,11193413,2,c M Scholte b F Vink,11404044.0,11404048.0
6848440,11193415,1,no,,
6848440,11193417,1,no,,
6848440,11384036,2,c M Scholte b B Boddendijk,11404047.0,11404048.0
6848440,11392348,5,st M Scholte b M Villiers De,11862335.0,11404048.0
6848440,11392357,2,c LD Bianco b B Boddendijk,11404047.0,11756715.0
6848440,11812783,2,c T Walbrugh b B Boddendijk,11404047.0,11298677.0
6848440,11854467,2,c F Vink b M Villiers De,11862335.0,11404044.0
6848441,11407022,1,no,,
6848441,11407023,4,b J Reddy,11381317.0,
6848441,11617906,1,no,,
6848441,11617907,2,c S Potdar b J Reddy,11381317.0,11394592.0
6848441,11859288,2,c A Zaidi b I Sayed,11862359.0,11394591.0
6848441,11190891,2,c C Klijnhans b R Elenbaas,11407024.0,11859288.0
6848441,11381317,1,no,,
6848441,11394589,4,b S Braat,11407027.0,
6848441,11394591,3,lbw  b R Elenbaas,11407024.0,
6848441,11394592,2,c KM Abdul b O Elenbaas,11407023.0,11298697.0
6848441,11394599,2,c N Woermeijer b M Ekrami,11859287.0,11617335.0
6848441,11403866,2,c M Ekrami b R Elenbaas,11407024.0,11859287.0
6848441,11617280,3,lbw  b M Ekrami,11859287.0,
6848441,11862357,2,c D Doyle b R Elenbaas,11407024.0,11617907.0
6848441,11862358,4,b R Elenbaas,11407024.0,
6848441,11862359,2,c O Elenbaas b S Braat,11407027.0,11407023.0
6848442,11191797,4,b MN Ahmad,11391641.0,
6848442,11193647,1,no,,
6848442,11193727,4,b MN Ahmad,11391641.0,
6848442,11625298,3,lbw  b S Zulfiqar,11192213.0,
6848442,11625306,5,st F Shinwari b S Minhas,11617917.0,11859217.0
6848442,11862138,3,lbw  b MN Ahmad,11391641.0,
6848442,11862142,1,no,,
6848442,11862143,2,c S Minhas b MN Ahmad,11391641.0,11617917.0
6848442,11862144,6,ro (S Zulfiqar),,11192213.0
6848442,11862145,4,b S Kamal,11392354.0,
6848442,11862290,2,c M Shafiq b S Minhas,11617917.0,11617919.0
6848442,11192213,2,c J Smal b C Floyd,11862290.0,11625298.0
6848442,11193117,6,ro (A Constant),,11625306.0
6848442,11391641,3,lbw  b B Fletcher,11862142.0,
6848442,11392354,1,no,,
6848442,11394552,2,c B Fletcher b S Ahmad,11191797.0,11862142.0
6848442,11403792,2,c E Eales b A Abid,11193647.0,11862143.0
6848442,11407018,5,st D Prince b S Ahmad,11191797.0,11862145.0
6848442,11617917,2,c J Smal b C Floyd,11862290.0,11625298.0
6848442,11859217,1,no,,
6848443,11111556,2,c F Shinwari b S Zulfiqar,11192213.0,11859217.0
6848443,11111557,2,c MN Ahmad b B Niaz,11382373.0,11391641.0
6848443,11111711,2,c B Niaz b S Tariq,11192210.0,11382373.0
6848443,11178284,1,no,,
6848443,11191600,5,st F Shinwari b MN Ahmad,11391641.0,11859217.0
6848443,11290496,1,no,,
6848443,11414154,2,c M Shafiq b B Niaz,11382373.0,11617919.0
6848443,11617390,2,c J Vandiar b M Shafiq,11617919.0,11394552.0
6848443,11866000,6,"ro (B Niaz,F Shinwari)",11859217.0,11382373.0
6848443,11866001,2,c F Shinwari b S Kamal,11392354.0,11859217.0
6848443,11979082,2,c & b B Niaz,11382373.0,11382373.0
6848443,11192213,1,no,,
6848443,11193117,4,b K Ahmadi,11414154.0,
6848443,11391641,2,c F Bashir b J Snoep,11290496.0,11111711.0
6848443,11394552,2,c R Mudford b C Fraser,11979082.0,11866001.0
6848443,11403792,2,c R Mudford b K Ahmadi,11414154.0,11866001.0
6848443,11617917,2,c R Mudford b J Snoep,11290496.0,11866001.0
6848443,11859217,1,no,,
6848444,11190891,2,c V Singh b S Ahmad,11191797.0,11193669.0
6848444,11190892,4,b S Ahmad,11191797.0,
6848444,11190911,4,b C Floyd,11862290.0,
6848444,11394591,2,c S Ahmad b B Fletcher,11862142.0,11191797.0
6848444,11394592,2,c D Prince b E Eales,11862143.0,11862145.0
6848444,11394599,2,c L Turmaine b S Ahmad,11191797.0,11399930.0
6848444,11403866,3,lbw  b C Floyd,11862290.0,
6848444,11617280,1,no,,
6848444,11862357,2,c J Smal b L Turmaine,11399930.0,11625298.0
6848444,11862358,2,c S Ahmad b E Eales,11862143.0,11191797.0
6848444,11862359,6,ro (V Singh),,11193669.0
6848444,11191797,2,c A Zaidi b M Hans,11617280.0,11394591.0
6848444,11193669,2,c S Potdar b M Hans,11617280.0,11394592.0
6848444,11193727,1,no,,
6848444,11399930,6,ro,,
6848444,11625298,3,lbw  b S Kothari,11394599.0,
6848444,11862138,4,b I Sayed,11862359.0,
6848444,11862142,1,no,,
6848444,11862143,2,c M Wolfe b A Zaidi,11394591.0,11190892.0
6848444,11862145,4,b M Hans,11617280.0,
6848444,11862290,2,c MA Raza b S Kothari,11394599.0,11190891.0
6848445,11193413,4,b O Elenbaas,11407023.0,
6848445,11193437,2,c C Klijnhans b S Braat,11407027.0,11859288.0
6848445,11193442,6,ro (N Woermeijer),,11617335.0
6848445,11299375,2,c R Elenbaas b S Braat,11407027.0,11407024.0
6848445,11384036,2,c M Ekrami b N Woermeijer,11617335.0,11859287.0
6848445,11392356,3,lbw  b S Braat,11407027.0,
6848445,11392357,2,c N Statham b N Woermeijer,11617335.0,11407022.0
6848445,11619272,2,c D Doyle b O Elenbaas,11407023.0,11617907.0
6848445,11619273,1,no,,
6848445,11812783,2,c N Statham b O Elenbaas,11407023.0,11407022.0
6848445,11854467,4,b Sv Giezen,11191894.0,
6848445,11191894,4,b MV Van Vliet,11619273.0,
6848445,11407022,3,lbw  b G Kaplan,11384036.0,
6848445,11407023,2,c NRJ Croes b J Nel,11193437.0,11854467.0
6848445,11407024,6,"ro (R Klein,C Lange de)",11193413.0,11299375.0
6848445,11407027,4,b G Kaplan,11384036.0,
6848445,11617335,2,c M Molenaar b R Klein,11299375.0,11812783.0
6848445,11617906,2,c N Kulkarni b MV Van Vliet,11619273.0,11392357.0
6848445,11617907,4,b J Nel,11193437.0,
6848445,11857734,1,no,,
6848445,11859287,6,ro (A Nota),,11193442.0
6848445,11859288,4,b R Klein,11299375.0,
6848447,11136654,2,c L Ingram b N Etman,11382040.0,11191642.0
6848447,11192709,1,no,,
6848447,11193244,4,b J Ralston,11862283.0,
6848447,11383378,2,c R Verhagen b N Etman,11382040.0,11382053.0
6848447,11383382,2,c L Ingram b N Etman,11382040.0,11191642.0
6848447,11391030,4,b J Ralston,11862283.0,
6848447,11403873,6,ro (L Ingram),,11191642.0
6848447,11859291,4,b J Ralston,11862283.0,
6848447,11859687,4,b L Ingram,11191642.0,
6848447,11859688,4,b J Ralston,11862283.0,
6848447,11859689,2,c J Ralston b N Etman,11382040.0,11862283.0
6848447,11191603,1,no,,
6848447,11191642,3,lbw  b AF Hoseinbaks,11403873.0,
6848447,11191716,2,c AF Hoseinbaks b J Schoonheim,11383382.0,11403873.0
6848447,11381929,2,c & b A Jain,11383378.0,11383378.0
6848447,11382040,2,c A JAIN b J Schoonheim,11383382.0,11192709.0
6848447,11382041,4,b J McKenzie,11859688.0,
6848447,11382047,6,ro (J McKenzie),,11859688.0
6848447,11382053,2,c J McKenzie b J Schoonheim,11383382.0,11859688.0
6848447,11403951,2,c R Schierhout b J McKenzie,11859688.0,11859689.0
6848447,11855810,2,c R Schierhout b J McKenzie,11859688.0,11859689.0
6848447,11862283,4,b J McKenzie,11859688.0,
6848448,11111561,2,c,12033096.0,11857835.0
6848448,11617390,4,b G Sheena,11862357.0,
6848448,11866000,1,no,,
6848448,11866001,4,b I Sayed,11862359.0,
6848448,11979082,1,no,,
6848448,-104,2,c M Singh b K Ahmadi,11414154.0,11111557.0
6848448,11190891,4,b U Baker,11191600.0,
6848448,11394589,6,"ro (S Martina,R Mudford)",11866001.0,11866000.0
6848448,11394590,2,c U Baker b J Snoep,11290496.0,11191600.0
6848448,11394591,2,c R Mudford b J Snoep,11290496.0,11866001.0
6848448,11394592,2,c R Mudford b C Fraser,11979082.0,11866001.0
6848448,11394599,2,c S Martina b C Fraser,11979082.0,11866000.0
6848448,11857835,2,c R Mudford b K Ahmadi,11414154.0,11866001.0
6848448,11862357,4,b U Baker,11191600.0,
6848448,11862358,4,b J Snoep,11290496.0,
6848448,11862359,1,no,,
6848449,11193381,2,c S Zulfiqar b M Shafiq,11617919.0,11192213.0
6848449,11193415,2,c F Shinwari b S Zulfiqar,11192213.0,11859217.0
6848449,11193418,2,c MN Ahmad b S Kamal,11392354.0,11391641.0
6848449,11299375,2,c M Riaz b S Kamal,11392354.0,11403792.0
6848449,11384036,4,b M Shafiq,11617919.0,
6848449,11392348,3,lbw  b S Zulfiqar,11394555.0,
6848449,11392356,1,no,,
6848449,11619272,2,c M Riaz b M Shafiq,11617919.0,11403792.0
6848449,11619273,2,c F Shinwari b S Zulfiqar,11192213.0,11859217.0
6848449,11812783,2,c S Zulfiqar b S Kamal,11392354.0,11394555.0
6848449,11854467,3,lbw  b B Niaz,11382373.0,
6848449,11192213,2,c F Lange de b M Molenaar,11812783.0,11193415.0
6848449,11382373,2,c M Levitt b MV Van Vliet,11619273.0,11619272.0
6848449,11391641,2,c NRJ Croes b G Kaplan,11384036.0,11854467.0
6848449,11394552,2,c M Levitt b M Molenaar,11812783.0,11619272.0
6848449,11394555,1,no,,
6848449,11403792,2,c MV Van Vliet b M Molenaar,11812783.0,11619273.0
6848449,11617917,4,b,11381400.0,
6848449,11617919,1,no,,
6848449,11859217,3,lbw  b F Lange de,11193415.0,
6848450,11194169,4,b S Ahmad,11191797.0,
6848450,11194218,6,ro (S Ahmad),,11191797.0
6848450,11399613,2,c A Nidamanuru b E Eales,11862143.0,11394543.0
6848450,11399616,2,c T Iles b C Floyd,11862290.0,11862144.0
6848450,11399629,2,c L Scully b B Fletcher,11862142.0,11625296.0
6848450,11403987,4,b S Ahmad,11191797.0,
6848450,11619253,3,lbw  b S Ahmad,11191797.0,
6848450,11862354,2,c A Nidamanuru b B Fletcher,11862142.0,11394543.0
6848450,11862355,2,c C Floyd b B Fletcher,11862142.0,11862290.0
6848450,11862356,1,no,,
6848450,11864827,3,lbw  b S Ahmad,11191797.0,
6848450,11191797,2,c H Overdijk b J Wiggins,11862354.0,11399616.0
6848450,11193669,2,c TAD Leijer b D Crowley,11619253.0,11864827.0
6848450,11193727,2,c T Kloppenburg b C McInerney,11862355.0,11194169.0
6848450,11394543,2,c  ?  b C McInerney,11862355.0,11396786.0
6848450,11625296,3,lbw  b A Leonard,11862356.0,
6848450,11625298,4,b C McInerney,11862355.0,
6848450,11862138,2,c T Staal b A Leonard,11862356.0,11399629.0
6848450,11862142,2,c YJ Patel b A Leonard,11862356.0,11194218.0
6848450,11862143,2,c B Gorlee b C McInerney,11862355.0,11399613.0
6848450,11862144,1,no,,
6848450,11862290,4,b J Wiggins,11862354.0,
6848451,11136654,3,lbw  b N Woermeijer,11617335.0,
6848451,11192709,5,st N Statham b A Dutt,11193370.0,11407022.0
6848451,11193244,2,c N Statham b N Woermeijer,11617335.0,11407022.0
6848451,11383378,2,c A Jabarkhail b N Woermeijer,11617335.0,11857734.0
6848451,11383382,4,b S Braat,11407027.0,
6848451,11391030,2,c N Statham b R Elenbaas,11407024.0,11407022.0
6848451,11403873,1,no,,
6848451,11859291,2,c C Klijnhans b S Braat,11407027.0,11859288.0
6848451,11859687,2,c R Elenbaas b O Elenbaas,11407023.0,11407024.0
6848451,11859688,1,no,,
6848451,11859689,6,ro (S Braat),,11407027.0
6848451,11193370,2,c F Fourie b A JAIN,11192709.0,11391030.0
6848451,11407022,1,no,,
6848451,11407023,6,ro (Td Kok),,11193244.0
6848451,11407024,2,c R Schierhout b Jvd Meulen,11859687.0,11859689.0
6848451,11407027,2,c B Hoes b AF Hoseinbaks,11403873.0,11193227.0
6848451,11617335,1,no,,
6848451,11617906,6,ro (J McKenzie),,11859688.0
6848451,11617907,4,b A JAIN,11192709.0,
6848451,11859288,2,c T Bettelheim b J Schoonheim,11383382.0,11859291.0
6848452,11191603,1,no,,
6848452,11191642,4,b K Klein,11384117.0,
6848452,11191716,2,c W Barresi b A Singh,11381351.0,11404055.0
6848452,11381929,2,c LD Bianco b B Boddendijk,11404047.0,11756715.0
6848452,11382040,6,ro (K Klein),,11384117.0
6848452,11382041,4,b K Klein,11384117.0,
6848452,11382047,5,st LD Bianco b Jd Mey,11194440.0,11756715.0
6848452,11382053,2,c LD Bianco b K Klein,11384117.0,11756715.0
6848452,11403951,2,c & b Jd Mey,11194440.0,11194440.0
6848452,11855810,2,c W Barresi b A Singh,11381351.0,11404055.0
6848452,11862283,2,c W Barresi b K Klein,11384117.0,11404055.0
6848452,11194440,2,c R Verhagen b J Blankestijn,11191603.0,11382053.0
6848452,11194452,1,no,,
6848452,11298677,3,lbw  b J Ralston,11862283.0,
6848452,11381351,2,c Sv Troost b J Blankestijn,11191603.0,11191716.0
6848452,11384117,3,lbw  b J Ralston,11862283.0,
6848452,11404047,4,b J Ralston,11862283.0,
6848452,11404050,2,c R Verhagen b N Etman,11382040.0,11382053.0
6848452,11404055,2,c Sv Troost b J Ralston,11862283.0,11191716.0
6848452,11756715,2,c LA Kroesen b J Ralston,11862283.0,11382047.0
6848452,11862334,2,c Sv Troost b J Ralston,11862283.0,11191716.0
6848452,11862335,2,c LA Kroesen b J Ralston,11862283.0,11382047.0
6848453,11191603,1,no,,
6848453,11191642,3,lbw  b J Snoep,11290496.0,
6848453,11191715,2,c M Singh b K Ahmadi,11414154.0,11111557.0
6848453,11191716,2,c J Snoep b U Baker,11191600.0,11290496.0
6848453,11382040,2,c K Ahmadi b J Snoep,11290496.0,11414154.0
6848453,11382047,2,c R Mudford b C Fraser,11979082.0,11866001.0
6848453,11382051,4,b K Ahmadi,11414154.0,
6848453,11382053,3,lbw  b J Snoep,11290496.0,
6848453,11403951,2,c R Mudford b K Ahmadi,11414154.0,11866001.0
6848453,11855810,4,b C Fraser,11979082.0,
6848453,11862283,3,lbw  b K Ahmadi,11414154.0,
6848453,11111557,1,no,,
6848453,11111561,2,c D Mitchell b J Blankestijn,11191603.0,11855810.0
6848453,11191600,2,c Sv Troost b L Ingram,11191642.0,11191716.0
6848453,11290496,4,b L Ingram,11191642.0,
6848453,11382384,4,b L Ingram,11191642.0,
6848453,11414154,2,c N Etman b L Ingram,11191642.0,11382040.0
6848453,11617390,3,lbw  b J Ralston,11862283.0,
6848453,11617391,2,c R Verhagen b L Ingram,11191642.0,11382053.0
6848453,11866000,4,b J Blankestijn,11191603.0,
6848453,11866001,2,c D Mitchell b J Ralston,11862283.0,11855810.0
6848453,11979082,4,b L Ingram,11191642.0,
6848454,11194440,2,c F Fourie b R Harhangi,11136654.0,11391030.0
6848454,11298677,6,ro (R Schierhout),,11859689.0
6848454,11381351,1,no,,
6848454,11384117,4,b A Jain,11383378.0,
6848454,11404047,3,lbw  b R Harhangi,11136654.0,
6848454,11404048,4,b R Harhangi,11136654.0,
6848454,11404050,2,c F Fourie b A JAIN,11192709.0,11391030.0
6848454,11404055,2,c J Schoonheim b A Jain,11383378.0,11383382.0
6848454,11756715,1,no,,
6848454,11862334,2,c AF Hoseinbaks b A JAIN,11192709.0,11403873.0
6848454,11862335,2,c Td Kok b R Harhangi,11136654.0,11193244.0
6848454,11136654,2,c LD Bianco b K Klein,11384117.0,11756715.0
6848454,11192709,1,no,,
6848454,11193244,2,c R Mason b B Boddendijk,11404047.0,11404050.0
6848454,11383378,2,c R Mason b Jd Mey,11194440.0,11404050.0
6848454,11383382,2,c M Scholte b K Klein,11384117.0,11404048.0
6848454,11391030,2,c M Scholte b K Klein,11384117.0,11404048.0
6848454,11403873,2,c Jd Mey b M Villiers De,11862335.0,11194440.0
6848454,11617372,2,c & b M Villiers De,11862335.0,11862335.0
6848454,11859291,2,c & b L Botha,11862334.0,11862334.0
6848454,11859687,2,c Jd Mey b A Singh,11381351.0,11194440.0
6848454,11859689,2,c L Botha b Jd Mey,11194440.0,11862334.0
6848455,11193370,5,st YJ Patel b T Pringle,11382392.0,11194218.0
6848455,11407022,2,c J Wiggins b T Pringle,11382392.0,11862354.0
6848455,11407023,3,lbw  b TAD Leijer,11864827.0,
6848455,11407024,2,c B Gorlee b A Leonard,11862356.0,11399613.0
6848455,11407027,4,b T Pringle,11382392.0,
6848455,11617335,5,st YJ Patel b T Pringle,11382392.0,11194218.0
6848455,11617906,2,c A Leonard b TAD Leijer,11864827.0,11862356.0
6848455,11617907,2,c YJ Patel b A Leonard,11862356.0,11194218.0
6848455,11619361,1,no,,
6848455,11859288,2,c J Wiggins b D Crowley,11619253.0,11862354.0
6848455,11861207,2,c  ?  b A Leonard,11862356.0,11396786.0
6848455,11193353,2,c C Klijnhans b R Elenbaas,11407024.0,11859288.0
6848455,11194169,3,lbw  b S Braat,11407027.0,
6848455,11194218,2,c & b A Dutt,11193370.0,11193370.0
6848455,11382392,2,c O Elenbaas b S Braat,11407027.0,11407023.0
6848455,11399613,4,b R Elenbaas,11407024.0,
6848455,11403987,1,no,,
6848455,11619253,4,b A Dutt,11193370.0,
6848455,11862354,2,c N Woermeijer b S Braat,11407027.0,11617335.0
6848455,11862355,2,c D Doyle b N Woermeijer,11617335.0,11617907.0
6848455,11862356,1,no,,
6848456,11191797,4,b G Kaplan,11384036.0,
6848456,11193669,2,c NRJ Croes b M Molenaar,11812783.0,11854467.0
6848456,11193727,1,no,,
6848456,11394543,2,c S Leede de b MV Van Vliet,11619273.0,11193418.0
6848456,11625296,6,"ro (G Kaplan,NRJ Croes)",11854467.0,11384036.0
6848456,11625298,3,lbw  b G Kaplan,11384036.0,
6848456,11862138,4,b,11381400.0,
6848456,11862144,1,no,,
6848456,11862290,2,c NRJ Croes b M Molenaar,11812783.0,11854467.0
6848456,11193381,3,lbw  b B Fletcher,11862142.0,
6848456,11299375,1,no,,
6848456,11384036,1,no,,
6848456,11619272,2,c S Ahmad b S Hake,11193976.0,11191797.0
6848456,11854467,4,b S Hake,11193976.0,
6848457,11391641,4,b I Sayed,11862359.0,
6848457,11394555,1,no,,
6848457,11617917,2,c A Kumar b I Sayed,11862359.0,11394590.0
6848457,11859217,2,c Bvd Merwe b I Sayed,11862359.0,11862358.0
6848457,11862332,1,no,,
6848457,11190891,3,lbw  b S Zulfiqar,11394555.0,
6848457,11381317,2,c S Minhas b M Shafiq,11617919.0,11617917.0
6848457,11394589,6,"ro (S Zulfiqar,F Shinwari)",11859217.0,11192213.0
6848457,11394590,4,b S Zulfiqar,11394555.0,
6848457,11394591,2,c F Shinwari b S Kamal,11392354.0,11859217.0
6848457,11394592,2,c F Shinwari b S Zulfiqar,11394555.0,11859217.0
6848457,11394599,2,c MN Ahmad b S Zulfiqar,11394555.0,11391641.0
6848457,11403866,2,c S Minhas b S Tariq,11192210.0,11617917.0
6848457,11862357,2,c S Kamal b M Shafiq,11617919.0,11392354.0
6848457,11862358,4,b S Tariq,11192210.0,
6848457,11862359,1,no,,
6848458,11298677,1,no,,
6848458,11384117,1,no,,
6848458,11404050,4,b C Fraser,11979082.0,
6848458,11862334,2,c S Ferguson b J Scheepers,11900880.0,11617390.0
6848458,11862335,4,b U Baker,11191600.0,
6848458,11111557,2,c K Klein b L Botha,11862334.0,11384117.0
6848458,11111711,4,b L Botha,11862334.0,
6848458,11178284,2,c R Mason b B Boddendijk,11404047.0,11404050.0
6848458,11191600,2,c K Klein b S Vink,11404054.0,11384117.0
6848458,11290496,1,no,,
6848458,11396784,2,c K Klein b Jd Mey,11194440.0,11384117.0
6848458,11617390,2,c L Botha b K Klein,11384117.0,11862334.0
6848458,11866000,3,lbw  b Jd Mey,11194440.0,
6848458,11866001,2,c B Boddendijk b Jd Mey,11194440.0,11404047.0
6848458,11900880,2,c LD Bianco b M Villiers De,11862335.0,11756715.0
6848458,11979082,2,c T Walbrugh b B Boddendijk,11404047.0,11298677.0
6848459,11193370,2,c R Verhagen b GG Kroesen,11382048.0,11382053.0
6848459,11407022,1,no,,
6848459,11407023,3,lbw  b J Ralston,11862283.0,
6848459,11407024,2,c & b L Ingram,11191642.0,11191642.0
6848459,11407027,2,c R Verhagen b J Ralston,11862283.0,11382053.0
6848459,11617906,6,"ro (N Etman,Sv Troost)",11191716.0,11382040.0
6848459,11617907,4,b J Ralston,11862283.0,
6848459,11859288,1,no,,
6848459,11191642,2,c S Braat b A Dutt,11193370.0,11407027.0
6848459,11191716,2,c N Statham b O Elenbaas,11407023.0,11407022.0
6848459,11382041,4,b R Elenbaas,11407024.0,
6848459,11382053,2,c & b S Braat,11407027.0,11407027.0
6848459,11384035,1,no,,
6848459,11403951,1,no,,
6848459,11855810,3,lbw  b A Dutt,11193370.0,
6848460,11617372,2,c C Floyd b V Singh,11193669.0,11862290.0
6848460,11859291,1,no,,
6848460,11859689,1,no,,
6848461,11192213,1,no,,
6848461,11391641,2,c C McInerney b H Overdijk,11399616.0,11862355.0
6848461,11394552,1,no,,
6848461,11394555,2,c D Crowley b H Overdijk,11399616.0,11619253.0
6848461,11617917,2,c D Crowley b H Overdijk,11399616.0,11619253.0
6848461,11862332,2,c J Wiggins b TAD Leijer,11864827.0,11862354.0
6848461,11193353,3,lbw  b S Zulfiqar,11192213.0,
6848461,11194169,2,c S Minhas b S Zulfiqar,11192213.0,11617917.0
6848461,11399613,2,c M Shafiq b S Kamal,11392354.0,11617919.0
6848461,11399616,4,b S Zulfiqar,11394555.0,
6848461,11399629,2,c S Zulfiqar b M Shafiq,11617919.0,11394555.0
6848461,11403987,2,c S Minhas b S Zulfiqar,11394555.0,11617917.0
6848461,11619253,2,c M Hussain b S Zulfiqar,11394555.0,11192176.0
6848461,11862354,2,c F Shinwari b S Zulfiqar,11394555.0,11859217.0
6848461,11862355,2,c S Minhas b M Shafiq,11617919.0,11617917.0
6848461,11862356,4,b M Hussain,11192176.0,
6848461,11864827,1,no,,
6848462,11190891,4,b MV Van Vliet,11619273.0,
6848462,11381317,2,c T Leede de b G Kaplan,11384036.0,11193417.0
6848462,11394589,1,no,,
6848462,11394591,2,c M Levitt b MV Van Vliet,11619273.0,11619272.0
6848462,11394592,2,c R Klein b MV Van Vliet,11619273.0,11299375.0
6848462,11394599,2,c F Lange de b G Kaplan,11384036.0,11193415.0
6848462,11617280,2,c NRJ Croes b F Lange de,11193415.0,11854467.0
6848462,11857835,6,ro,,
6848462,11862357,2,c G Kaplan b M Molenaar,11812783.0,11384036.0
6848462,11862358,2,c F Lange de b M Molenaar,11812783.0,11193415.0
6848462,11862359,2,c NRJ Croes b G Kaplan,11384036.0,11854467.0
6848462,11193413,2,c Bvd Merwe b S Kothari,11394599.0,11862358.0
6848462,11193415,4,b G Sheena,11862357.0,
6848462,11193417,4,b I Sayed,11862359.0,
6848462,11193442,1,no,,
6848462,11299375,2,c G Sheena b I Sayed,11862359.0,11862357.0
6848462,11384036,2,c I Sayed b M Khan,11857835.0,11862359.0
6848462,11392357,1,no,,
6848462,11619272,2,c A Zaidi b I Sayed,11862359.0,11394591.0
6848462,11619273,6,"ro (Bvd Merwe,G Sheena)",11862357.0,11862358.0
6848462,11812783,2,c J Reddy b A Zaidi,11394591.0,11381317.0
6848462,11854467,2,c Bvd Merwe b S Kothari,11394599.0,11862358.0
6848463,11111557,4,b G Kaplan,11384036.0,
6848463,11111561,4,b G Kaplan,11384036.0,
6848463,11178284,1,no,,
6848463,11191600,6,ro,,
6848463,11290496,4,b G Kaplan,11384036.0,
6848463,11382384,4,b F Lange de,11193415.0,
6848463,11617390,2,c M Levitt b A Nota,11193442.0,11619272.0
6848463,11866000,2,c MV Van Vliet b A Nota,11193442.0,11619273.0
6848463,11866001,2,c M Levitt b G Kaplan,11384036.0,11619272.0
6848463,11900880,2,c M Levitt b F Lange de,11193415.0,11619272.0
6848463,11979082,2,c NRJ Croes b C Lange de,11193413.0,11854467.0
6848463,11111644,2,c C Fraser b J Snoep,11290496.0,11979082.0
6848463,11193413,2,c J Scheepers b J Snoep,11290496.0,11900880.0
6848463,11193415,4,b J Snoep,11290496.0,
6848463,11193442,1,no,,
6848463,11299375,2,c J Snoep b C Fraser,11979082.0,11290496.0
6848463,11384036,4,b C Fraser,11979082.0,
6848463,11392356,3,lbw  b C Fraser,11979082.0,
6848463,11619272,4,b C Fraser,11979082.0,
6848463,11619273,3,lbw  b C Fraser,11979082.0,
6848463,11812783,2,c U Baker b J Snoep,11290496.0,11191600.0
6848463,11854467,3,lbw  b T Hoornweg,11178284.0,
6848464,11193353,2,c M Wolfe b S Kothari,11394599.0,11190892.0
6848464,11194169,2,c M Wolfe b D Arya,11394589.0,11190892.0
6848464,11194218,2,c M Wolfe b Bvd Merwe,11862358.0,11190892.0
6848464,11399613,3,lbw  b A Zaidi,11394591.0,
6848464,11619253,1,no,,
6848464,11862354,2,c J Reddy b Bvd Merwe,11862358.0,11381317.0
6848464,11862355,2,c M Wolfe b I Sayed,11862359.0,11190892.0
6848464,11190891,4,b A Leonard,11862356.0,
6848464,11190892,2,c T Vrolijk b D Crowley,11619253.0,11194253.0
6848464,11381317,4,b D Crowley,11619253.0,
6848464,11394589,1,no,,
6848464,11394590,2,c S Banerjee b D Crowley,11619253.0,11193353.0
6848464,11394591,5,st YJ Patel b J Wiggins,11862354.0,11194218.0
6848464,11394599,2,c & b C McInerney,11862355.0,11862355.0
6848464,11403866,2,c YJ Patel b A Leonard,11862356.0,11194218.0
6848464,11857835,4,b J Wiggins,11862354.0,
6848464,11862358,2,c YJ Patel b TAD Leijer,11864827.0,11194218.0
6848464,11862359,2,c & b J Wiggins,11862354.0,11862354.0
6848465,11136654,1,no,,
6848465,11192709,2,c S Zulfiqar b S Kamal,11392354.0,11192213.0
6848465,11193244,2,c F Shinwari b S Zulfiqar,11192213.0,11859217.0
6848465,11383378,2,c F Shinwari b S Kamal,11392354.0,11859217.0
6848465,11383386,3,lbw  b S Kamal,11392354.0,
6848465,11391030,2,c MN Ahmad b S Tariq,11192210.0,11391641.0
6848465,11403873,4,b MN Ahmad,11391641.0,
6848465,11859291,2,c F Shinwari b S Zulfiqar,11394555.0,11859217.0
6848465,11859687,2,c F Shinwari b S Zulfiqar,11192213.0,11859217.0
6848465,11859688,4,b S Zulfiqar,11192213.0,
6848465,11859689,2,c M Gondal b S Tariq,11192210.0,11862332.0
6848465,11391641,2,c F Fourie b R Harhangi,11136654.0,11391030.0
6848465,11394552,1,no,,
6848465,11394555,1,no,,
6848465,11617917,2,c J McKenzie b A Jain,11383378.0,11859688.0
6848466,11191642,1,no,,
6848466,11191716,2,c D Prince b E Eales,11862143.0,11862145.0
6848466,11381929,1,no,,
6848466,11382040,3,lbw  b S Ahmad,11191797.0,
6848466,11382041,2,c U Nashier b B Fletcher,11862142.0,11193727.0
6848466,11382053,3,lbw  b B Fletcher,11862142.0,
6848466,11855810,6,ro (J Smal),,11625298.0
6848466,11191797,4,b LA Kroesen,11382047.0,
6848466,11193669,2,c LA Kroesen b R Verhagen,11382053.0,11382047.0
6848466,11193727,2,c Rv Troost b LA Kroesen,11382047.0,11191715.0
6848466,11193976,1,no,,
6848466,11399930,2,c R Verhagen b GG Kroesen,11382048.0,11382053.0
6848466,11625298,3,lbw  b GG Kroesen,11382048.0,
6848466,11862138,2,c Sv Troost b J Ralston,11862283.0,11191716.0
6848466,11862142,4,b L Ingram,11191642.0,
6848466,11862143,2,c R Verhagen b J Ralston,11862283.0,11382053.0
6848466,11862145,4,b L Ingram,11191642.0,
6848466,11862290,2,c LA Kroesen b GG Kroesen,11382048.0,11382047.0
6848467,11298677,2,c N Statham b S Braat,11407027.0,11407022.0
6848467,11384117,1,no,,
6848467,11404050,3,lbw  b Sv Giezen,11191894.0,
6848467,11404055,2,c Sv Giezen b A Dutt,11193370.0,11191894.0
6848467,11756715,1,no,,
6848467,11862334,2,c A Dutt b R Elenbaas,11407024.0,11193370.0
6848467,11862335,2,c A Dutt b N Woermeijer,11617335.0,11193370.0
6848467,-101,4,b K Klein,11384117.0,
6848467,11191894,1,no,,
6848467,11193370,4,b K Klein,11384117.0,
6848467,11407022,2,c LD Bianco b L Botha,11862334.0,11756715.0
6848467,11407024,2,c H Venter b K Klein,11384117.0,11399626.0
6848467,11407027,4,b M Villiers De,11862335.0,
6848467,11617335,4,b L Botha,11862334.0,
6848467,11617906,3,lbw  b K Klein,11384117.0,
6848467,11617907,2,c K Klein b H Venter,11399626.0,11384117.0
6848467,11859287,2,c B Boddendijk b H Venter,11399626.0,11404047.0
6848467,11859288,2,c M Villiers De b L Botha,11862334.0,11862335.0
6848468,11407022,2,c R Mudford b J Snoep,11290496.0,11866001.0
6848468,11407023,1,no,,
6848468,11407027,1,no,,
6848468,11617906,2,c C Fraser b K Ahmadi,11414154.0,11979082.0
6848468,11617907,4,b U Baker,11191600.0,
6848468,11859288,2,c M Singh b U Baker,11191600.0,11111557.0
6848468,11111332,2,c N Statham b Sv Giezen,11191894.0,11407022.0
6848468,11111557,2,c A Ostling b Sv Giezen,11191894.0,11617906.0
6848468,11111561,2,c O Elenbaas b R Elenbaas,11407024.0,11407023.0
6848468,11191600,1,no,,
6848468,11290496,2,c S Braat b O Elenbaas,11407023.0,11407027.0
6848468,11382384,1,no,,
6848468,11414154,2,c D Doyle b O Elenbaas,11407023.0,11617907.0
6848468,11617390,2,c A Ostling b R Elenbaas,11407024.0,11617906.0
6848468,11866001,2,c A Jabarkhail b R Elenbaas,11407024.0,11857734.0
6848468,11900880,2,c D Doyle b O Elenbaas,11407023.0,11617907.0
6848468,11979082,2,c & b O Elenbaas,11407023.0,11407023.0
6848469,11191797,6,"ro (W Barresi,LD Bianco)",11756715.0,11404055.0
6848469,11193669,2,c L Botha b Jd Mey,11194440.0,11862334.0
6848469,11625298,1,no,,
6848469,11862138,2,c A Singh b H Venter,11399626.0,11381351.0
6848469,11862143,2,c W Barresi b L Botha,11862334.0,11404055.0
6848469,11862145,2,c W Barresi b M Villiers De,11862335.0,11404055.0
6848469,11862290,1,no,,
6848469,11298677,1,no,,
6848469,11384117,4,b E Eales,11862143.0,
6848469,11404050,3,lbw  b E Eales,11862143.0,
6848469,11404055,2,c S Ahmad b V Singh,11193669.0,11191797.0
6848469,11756715,1,no,,
6848469,11862334,2,c V Singh b S Hake,11193976.0,11193669.0
6848470,11192210,6,"ro (R Verhagen,J Ralston)",11862283.0,11382053.0
6848470,11192213,4,b J Ralston,11862283.0,
6848470,11382373,6,ro (Rv Troost),,11191715.0
6848470,11391641,2,c LA Kroesen b L Ingram,11191642.0,11382047.0
6848470,11392354,6,"ro (M Schewe,J Ralston)",11862283.0,11382051.0
6848470,11394552,2,c D Mitchell b V Lubbers,11403951.0,11855810.0
6848470,11394555,2,c Sv Troost b L Ingram,11191642.0,11191716.0
6848470,11617917,4,b J Ralston,11862283.0,
6848470,11617919,1,no,,
6848470,11859217,2,c N Etman b Rv Troost,11191715.0,11382040.0
6848470,11862332,3,lbw  b L Ingram,11191642.0,
6848470,11191642,4,b S Zulfiqar,11192213.0,
6848470,11191715,3,lbw  b S Zulfiqar,11394555.0,
6848470,11191716,2,c F Shinwari b M Shafiq,11617919.0,11859217.0
6848470,11382040,2,c MN Ahmad b M Shafiq,11617919.0,11391641.0
6848470,11382041,2,c M Shafiq b S Tariq,11192210.0,11617919.0
6848470,11382047,1,no,,
6848470,11382051,5,st F Shinwari b M Shafiq,11617919.0,11859217.0
6848470,11382053,2,c J Vandiar b MN Ahmad,11391641.0,11394552.0
6848470,11403951,3,lbw  b M Shafiq,11617919.0,
6848470,11855810,2,c F Shinwari b M Shafiq,11617919.0,11859217.0
6848470,11862283,2,c S Kamal b M Shafiq,11617919.0,11392354.0
6848471,11190891,2,c & b A Jain,11383378.0,11383378.0
6848471,11192282,1,no,,
6848471,11192283,4,b J McKenzie,11859688.0,
6848471,11381317,1,no,,
6848471,11394592,2,c A Jain b J Schoonheim,11383382.0,11383378.0
6848471,11394599,2,c Jvd Meulen b AF Hoseinbaks,11403873.0,11859687.0
6848471,11403866,2,c F Fourie b J McKenzie,11859688.0,11391030.0
6848471,11617280,2,c R Schierhout b A JAIN,11192709.0,11859689.0
6848471,11862357,2,c J McKenzie b AF Hoseinbaks,11403873.0,11859688.0
6848471,11862358,6,ro (R Harhangi),,11136654.0
6848471,11862359,2,c Jvd Meulen b AF Hoseinbaks,11403873.0,11859687.0
6848471,11136654,1,no,,
6848471,11192709,1,no,,
6848471,11193244,2,c G Sheena b M Hans,11617280.0,11862357.0
6848471,11383378,6,"ro (Bvd Merwe,A Mishra)",11192283.0,11862358.0
6848471,11383382,2,c & b M Hans,11617280.0,11617280.0
6848471,11391030,2,c Bvd Merwe b I Sayed,11862359.0,11862358.0
6848471,11859291,4,b M Hans,11617280.0,
6848471,11859687,2,c Bvd Merwe b I Sayed,11862359.0,11862358.0
6848471,11859688,2,c Bvd Merwe b I Sayed,11862359.0,11862358.0
6848471,11859689,2,c I Sayed b S Kothari,11394599.0,11862359.0
7032935,11193381,2,c L Botha b A Khan,11194489.0,11862334.0
7032935,11193415,1,no,,
7032935,11299375,2,c T Walbrugh b B Boddendijk,11404047.0,11298677.0
7032935,11384036,2,c R Mason b K Klein,11384117.0,11404050.0
7032935,11392356,6,"ro (K Klein,B Boddendijk)",11404047.0,11384117.0
7032935,11619272,4,b K Klein,11384117.0,
7032935,11619273,1,no,,
7032935,11812783,2,c K Klein b W Barresi,11404055.0,11384117.0
7032935,11854467,2,c M Villiers De b K Klein,11384117.0,11862335.0
7032935,11194489,2,c NRJ Croes b MV Van Vliet,11619273.0,11854467.0
7032935,11298677,2,c MV Van Vliet b M Levitt,11619272.0,11619273.0
7032935,11381351,2,c N Gigani b J Nel,11193437.0,11193381.0
7032935,11384117,2,c A Nota b MV Van Vliet,11619273.0,11193442.0
7032935,11399626,2,c F Lange de b J Nel,11193437.0,11193415.0
7032935,11404047,1,no,,
7032935,11404050,4,b MV Van Vliet,11619273.0,
7032935,11404055,3,lbw  b A Nota,11193442.0,
7032935,11756715,3,lbw  b M Levitt,11619272.0,
7032935,11862334,2,c NRJ Croes b VJ Kingma,11392356.0,11854467.0
7032935,11862335,2,c R Klein b M Levitt,11619272.0,11299375.0
7032936,11191797,1,no,,
7032936,11193669,2,c A Ostling b O Elenbaas,11407023.0,11617906.0
7032936,11193727,1,no,,
7032936,11625298,2,c M Ekrami b C Klijnhans,11859288.0,11859287.0
7032936,11862138,2,c C Klijnhans b R Elenbaas,11407024.0,11859288.0
7032936,11862143,4,b S Braat,11407027.0,
7032936,11862145,2,c S Braat b M Ekrami,11859287.0,11407027.0
7032936,11862290,2,c O Elenbaas b C Klijnhans,11859288.0,11407023.0
7032936,-102,4,b B Fletcher,11862142.0,
7032936,-101,1,no,,
7032936,11191829,4,b S Ahmad,11191797.0,
7032936,11191888,4,b S Ahmad,11191797.0,
7032936,11407022,2,c S Rasool b E Eales,11862143.0,11862138.0
7032936,11407023,4,b B Fletcher,11862142.0,
7032936,11407024,2,c D Prince b B Fletcher,11862142.0,11862145.0
7032936,11407027,6,ro (E Eales),,11862143.0
7032936,11617906,4,b B Fletcher,11862142.0,
7032936,11859287,6,"ro (B Fletcher,D Prince)",11862145.0,11862142.0
7032936,11859288,3,lbw  b L Turmaine,11399930.0,
7032937,11193353,3,lbw  b K Shahzad,11407018.0,
7032937,11194169,2,c K Shahzad b S Kamal,11392354.0,11407018.0
7032937,11194218,1,no,,
7032937,11399613,3,lbw  b K Shahzad,11407018.0,
7032937,11399616,4,b S Zulfiqar,11192213.0,
7032937,11399629,2,c MN Ahmad b K Shahzad,11407018.0,11391641.0
7032937,11862354,1,no,,
7032937,11862355,2,c F Shinwari b K Shahzad,11407018.0,11859217.0
7032937,11192210,1,no,,
7032937,11192213,2,c YJ Patel b D Crowley,11619253.0,11194218.0
7032937,11382373,2,c T Staal b TAD Leijer,11864827.0,11399629.0
7032937,11391641,2,c YJ Patel b J Wiggins,11862354.0,11194218.0
7032937,11392354,6,ro (C McInerney),,11862355.0
7032937,11394552,4,b TAD Leijer,11864827.0,
7032937,11394555,5,st YJ Patel b C McInerney,11862355.0,11194218.0
7032937,11403792,2,c J Wiggins b D Crowley,11619253.0,11862354.0
7032937,11407018,2,c S Banerjee b H Overdijk,11399616.0,11193353.0
7032937,11617917,2,c S Banerjee b D Crowley,11619253.0,11193353.0
7032937,11859217,2,c T Staal b A Leonard,11862356.0,11399629.0
7032938,11617390,1,no,,
7032938,11866001,1,no,,
7032938,11190891,3,lbw  b C Fraser,11979082.0,
7032938,11190892,4,b C Fraser,11979082.0,
7032938,11381317,1,no,,
7032938,11394590,2,c R Mudford b C Fraser,11979082.0,11866001.0
7032938,11394592,2,c R Mudford b M Hoornweg,11382384.0,11866001.0
7032938,11394599,3,lbw  b C Fraser,11979082.0,
7032938,11403866,2,c R Mudford b J Snoep,11290496.0,11866001.0
7032938,11617280,2,c J Scheepers b K Ahmadi,11414154.0,11900880.0
7032938,11862357,4,b K Ahmadi,11414154.0,
7032938,11862358,2,c C Fraser b M Hoornweg,11382384.0,11979082.0
7032938,11862359,2,c R Mudford b C Fraser,11979082.0,11866001.0
7032939,11193244,2,c R Verhagen b J Ralston,11862283.0,11382053.0
7032939,11391030,4,b J Ralston,11862283.0,
7032939,11859291,1,no,,
7032939,11859688,1,no,,
7032939,11859689,2,c Rv Troost b J Ralston,11862283.0,11191715.0
7032939,11191603,2,c & b R Schierhout,11859689.0,11859689.0
7032939,11191642,3,lbw  b R Schierhout,11859689.0,
7032939,11191715,4,b R Schierhout,11859689.0,
7032939,11382041,2,c T Bettelheim b J McKenzie,11859688.0,11859291.0
7032939,11382044,4,b R Schierhout,11859689.0,
7032939,11382047,6,ro (R Harhangi),,11136654.0
7032939,11382051,1,no,,
7032939,11382053,2,c F Fourie b A Jain,11383378.0,11391030.0
7032939,11403951,2,c T Bettelheim b R Schierhout,11859689.0,11859291.0
7032939,11855810,2,c F Fourie b J McKenzie,11859688.0,11391030.0
7032939,11862283,2,c F Fourie b R Schierhout,11859689.0,11391030.0
7032940,11193381,2,c  ?  b O Elenbaas,11407023.0,11449577.0
7032940,11193415,4,b O Elenbaas,11407023.0,
7032940,11193437,6,"ro (R Elenbaas,C Klijnhans)",11859288.0,11407024.0
7032940,11193442,1,no,,
7032940,11299375,2,c O Elenbaas b Rv Dam,11191888.0,11407023.0
7032940,11384036,2,c A Ostling b O Elenbaas,11407023.0,11617906.0
7032940,11392356,2,c A Ostling b O Elenbaas,11407023.0,11617906.0
7032940,11619272,2,c A Ostling b Rv Dam,11191888.0,11617906.0
7032940,11619273,4,b R Elenbaas,11407024.0,
7032940,11812783,2,c C Klijnhans b R Elenbaas,11407024.0,11859288.0
7032940,11854467,4,b M Ekrami,11859287.0,
7032940,-102,2,c MV Van Vliet b G Kaplan,11384036.0,11619273.0
7032940,-101,1,no,,
7032940,11191888,5,st NRJ Croes b J Nel,11193437.0,11854467.0
7032940,11191894,6,"ro (NRJ Croes,N Gigani)",11193381.0,11854467.0
7032940,11191901,2,c MV Van Vliet b G Kaplan,11384036.0,11619273.0
7032940,11407022,6,"ro (M Levitt,N Gigani)",11193381.0,11619272.0
7032940,11407023,2,c F Lange de b J Nel,11193437.0,11193415.0
7032940,11407024,2,c J Nel b F Lange de,11193415.0,11193437.0
7032940,11617906,2,c R Klein b F Lange de,11193415.0,11299375.0
7032940,11859287,4,b M Levitt,11619272.0,
7032940,11859288,3,lbw  b F Lange de,11193415.0,
7032941,11298677,2,c H Overdijk b TAD Leijer,11864827.0,11399616.0
7032941,11381351,6,ro,,
7032941,11384117,2,c A Leonard b C McInerney,11862355.0,11862356.0
7032941,11399626,1,no,,
7032941,11404047,2,c T Staal b H Overdijk,11399616.0,11399629.0
7032941,11404048,4,b TAD Leijer,11864827.0,
7032941,11404050,2,c H Overdijk b A Leonard,11862356.0,11399616.0
7032941,11404055,2,c TAD Leijer b J Wiggins,11862354.0,11864827.0
7032941,11756715,2,c D Crowley b TAD Leijer,11864827.0,11619253.0
7032941,11862334,2,c T Kloppenburg b H Overdijk,11399616.0,11194169.0
7032941,11862335,2,c H Overdijk b TAD Leijer,11864827.0,11399616.0
7032941,11193353,2,c LD Bianco b L Botha,11862334.0,11756715.0
7032941,11194169,2,c M Villiers De b B Boddendijk,11404047.0,11862335.0
7032941,11194218,2,c A Singh b L Botha,11862334.0,11381351.0
7032941,11399613,2,c M Scholte b K Klein,11384117.0,11404048.0
7032941,11399616,4,b M Villiers De,11862335.0,
7032941,11399629,2,c LD Bianco b L Botha,11862334.0,11756715.0
7032941,11619253,2,c T Walbrugh b H Venter,11399626.0,11298677.0
7032941,11862354,2,c LD Bianco b L Botha,11862334.0,11756715.0
7032941,11862355,2,c M Scholte b K Klein,11384117.0,11404048.0
7032941,11862356,1,no,,
7032941,11864827,2,c R Mason b K Klein,11384117.0,11404050.0
7032942,11192210,3,lbw  b E Eales,11862143.0,
7032942,11192213,2,c S Ahmad b C Floyd,11862290.0,11191797.0
7032942,11382373,2,c L Turmaine b V Singh,11193669.0,11399930.0
7032942,11391641,2,c C Floyd b V Singh,11193669.0,11862290.0
7032942,11392354,1,no,,
7032942,11394552,4,b L Turmaine,11399930.0,
7032942,11394555,4,b C Floyd,11862290.0,
7032942,11403792,4,b S Ahmad,11191797.0,
7032942,11407018,2,c C Floyd b E Eales,11862143.0,11862290.0
7032942,11617917,3,lbw  b V Singh,11193669.0,
7032942,11859217,2,c  ?  b E Eales,11862143.0,
7032942,11191797,2,c S Zulfiqar b K Shahzad,11407018.0,11394555.0
7032942,11193669,2,c S Zulfiqar b S Tariq,11192210.0,11394555.0
7032942,11193727,2,c F Shinwari b S Kamal,11392354.0,11859217.0
7032942,11193976,1,no,,
7032942,11399930,3,lbw  b S Zulfiqar,11394555.0,
7032942,11625298,6,"ro (S Zulfiqar,MN Ahmad)",11391641.0,11192213.0
7032942,11862138,4,b S Tariq,11192210.0,
7032942,11862142,4,b K Shahzad,11407018.0,
7032942,11862143,2,c F Shinwari b S Zulfiqar,11192213.0,11859217.0
7032942,11862145,2,c F Shinwari b S Zulfiqar,11394555.0,11859217.0
7032942,11862290,3,lbw  b S Zulfiqar,11394555.0,
7032943,11111557,4,b A JAIN,11192709.0,
7032943,11178284,1,no,,
7032943,11191600,1,no,,
7032943,11290496,2,c A Jain b J McKenzie,11859688.0,11383378.0
7032943,11382384,4,b J McKenzie,11859688.0,
7032943,11414154,4,b A JAIN,11192709.0,
7032943,11617390,2,c Td Kok b J Schoonheim,11383382.0,11193244.0
7032943,11866000,2,c A Jain b AF Hoseinbaks,11403873.0,11383378.0
7032943,11866001,4,b J McKenzie,11859688.0,
7032943,11900880,4,b AF Hoseinbaks,11403873.0,
7032943,11979082,2,c R Schierhout b A Jain,11383378.0,11859689.0
7032943,11136654,4,b C Fraser,11979082.0,
7032943,11192709,4,b C Fraser,11979082.0,
7032943,11193244,4,b K Ahmadi,11414154.0,
7032943,11383378,1,no,,
7032943,11383382,4,b C Fraser,11979082.0,
7032943,11391030,2,c S Martina b C Fraser,11979082.0,11866000.0
7032943,11403873,6,"ro (R Mudford,S Ferguson)",11617390.0,11866001.0
7032943,11859291,4,b K Ahmadi,11414154.0,
7032943,11859687,2,c R Mudford b C Fraser,11979082.0,11866001.0
7032943,11859688,2,c S Martina b J Scheepers,11900880.0,11866000.0
7032943,11859689,2,c J Scheepers b J Snoep,11290496.0,11900880.0
7032944,11191642,2,c M Wolfe b I Sayed,11862359.0,11190892.0
7032944,11382040,1,no,,
7032944,11382041,2,c Bvd Merwe b I Sayed,11862359.0,11862358.0
7032944,11382053,2,c Bvd Merwe b M Hans,11617280.0,11862358.0
7032944,11403951,1,no,,
7032944,11855810,2,c Bvd Merwe b I Sayed,11862359.0,11862358.0
7032944,11190891,2,c R Verhagen b V Lubbers,11403951.0,11382053.0
7032944,11190892,1,no,,
7032944,11381317,1,no,,
7032944,11394590,2,c D Mitchell b L Ingram,11191642.0,11855810.0
7032944,11394592,4,b J Ralston,11862283.0,
7032944,11394599,2,c D Mitchell b V Lubbers,11403951.0,11855810.0
7032944,11403866,3,lbw  b V Lubbers,11403951.0,
7032944,11617280,3,lbw  b L Ingram,11191642.0,
7032944,11862357,2,c Rv Troost b L Ingram,11191642.0,11191715.0
7032944,11862358,2,c R Verhagen b J Ralston,11862283.0,11382053.0
7032944,11862359,2,c M Schewe b LA Kroesen,11382047.0,11382051.0
7032945,11194440,4,b L Turmaine,11399930.0,
7032945,11194489,2,c L Scully b L Turmaine,11399930.0,11625296.0
7032945,11298677,2,c S Rasool b S Hake,11193976.0,11862138.0
7032945,11399626,2,c A Sheikh b B Fletcher,11862142.0,11631887.0
7032945,11404044,1,no,,
7032945,11404047,4,b E Eales,11862143.0,
7032945,11404048,2,c S Rasool b B Fletcher,11862142.0,11862138.0
7032945,11404050,3,lbw  b E Eales,11862143.0,
7032945,11404053,2,c T Iles b S Hake,11193976.0,11862144.0
7032945,11756715,2,c L Scully b B Fletcher,11862142.0,11625296.0
7032945,11862335,2,c A Sheikh b L Turmaine,11399930.0,11631887.0
7032945,11193727,1,no,,
7032945,11625298,1,no,,
7032945,11862138,2,c H Venter b A Khan,11194489.0,11399626.0
7032945,11862145,3,lbw  b Jd Mey,11194440.0,
7032946,11193353,4,b T Leede de,11193417.0,
7032946,11194218,2,c N Kulkarni b P Boissevain,11193361.0,11392357.0
7032946,11399613,2,c MV Van Vliet b T Leede de,11193417.0,11619273.0
7032946,11399616,4,b P Boissevain,11193361.0,
7032946,11399629,2,c MV Van Vliet b A Nota,11193442.0,11619273.0
7032946,11403987,1,no,,
7032946,11619253,2,c N Gigani b P Boissevain,11193361.0,11193381.0
7032946,11756640,2,c S Leede de b F Lange de,11193415.0,11193418.0
7032946,11862354,2,c MV Van Vliet b M Molenaar,11812783.0,11619273.0
7032946,11862356,4,b MV Van Vliet,11619273.0,
7032946,11864827,6,ro,,
7032946,11193361,4,b D Crowley,11619253.0,
7032946,11193381,2,c YJ Patel b D Crowley,11619253.0,11194218.0
7032946,11193413,3,lbw  b D Crowley,11619253.0,
7032946,11193415,4,b J Wiggins,11862354.0,
7032946,11193417,2,c T Staal b D Crowley,11619253.0,11399629.0
7032946,11193418,2,c A Leonard b DT Doram,11756640.0,11862356.0
7032946,11193437,6,ro (YJ Patel),,11194218.0
7032946,11193442,1,no,,
7032946,11392357,4,b D Crowley,11619253.0,
7032946,11619273,6,ro (YJ Patel),,11194218.0
7032946,11812783,4,b A Leonard,11862356.0,
7032947,11191884,6,ro (S Zulfiqar),,11394555.0
7032947,11191894,1,no,,
7032947,11407022,2,c F Shinwari b B Niaz,11382373.0,11859217.0
7032947,11407024,4,b S Zulfiqar,11394555.0,
7032947,11407027,2,c K Shahzad b S Kamal,11392354.0,11407018.0
7032947,11617335,1,no,,
7032947,11617906,2,c F Shinwari b S Minhas,11617917.0,11859217.0
7032947,11617907,4,b S Kamal,11392354.0,
7032947,11857734,6,ro (K Shahzad),,11407018.0
7032947,11859287,2,c M Riaz b S Kamal,11392354.0,11403792.0
7032947,11859288,3,lbw  b S Minhas,11617917.0,
7032947,-101,1,no,,
7032947,11192210,2,c N Statham b C Klijnhans,11859288.0,11407022.0
7032947,11192213,2,c A Ostling b C Klijnhans,11859288.0,11617906.0
7032947,11382373,2,c N Statham b C Klijnhans,11859288.0,11407022.0
7032947,11392354,4,b M Ekrami,11859287.0,
7032947,11394552,2,c S Braat b C Klijnhans,11859288.0,11407027.0
7032947,11394555,2,c S Braat b C Klijnhans,11859288.0,11407027.0
7032947,11403792,2,c A Ostling b R Elenbaas,11407024.0,11617906.0
7032947,11407018,2,c A Ostling b C Klijnhans,11859288.0,11617906.0
7032947,11617917,2,c A Ostling b R Elenbaas,11407024.0,11617906.0
7032947,11859217,3,lbw  b M Ekrami,11859287.0,
7032948,11391030,5,st Bvd Merwe b M Hans,11617280.0,11862358.0
7032948,11859291,1,no,,
7032948,11859688,1,no,,
7032948,11859689,2,c Bvd Merwe b I Sayed,11862359.0,11862358.0
7032948,11190891,2,c Jvd Meulen b A JAIN,11192709.0,11859687.0
7032948,11394589,4,b A JAIN,11192709.0,
7032948,11394590,6,ro (R Harhangi),,11136654.0
7032948,11394592,2,c F Fourie b A JAIN,11192709.0,11391030.0
7032948,11394599,1,no,,
7032948,11403866,3,lbw  b J McKenzie,11859688.0,
7032948,11617280,6,"ro (A JAIN,F Fourie)",11391030.0,11192709.0
7032948,11862357,2,c J McKenzie b AF Hoseinbaks,11403873.0,11859688.0
7032948,11862358,2,c Td Kok b A Jain,11383378.0,11193244.0
7032948,11862359,2,c A Jain b J Schoonheim,11383382.0,11383378.0
7032949,11191603,1,no,,
7032949,11191642,3,lbw  b C Fraser,11979082.0,
7032949,11191716,2,c S Ferguson b M Hoornweg,11382384.0,11617390.0
7032949,11382040,2,c U Baker b M Hoornweg,11382384.0,11191600.0
7032949,11382041,2,c R Mudford b C Fraser,11979082.0,11866001.0
7032949,11382047,4,b C Fraser,11979082.0,
7032949,11382048,1,no,,
7032949,11382053,3,lbw  b J Scheepers,11900880.0,
7032949,11403951,5,st R Mudford b U Baker,11191600.0,11866001.0
7032949,11855810,2,c R Mudford b C Fraser,11979082.0,11866001.0
7032949,11862283,2,c U Baker b M Singh,11111557.0,11191600.0
7032949,11111556,2,c N Etman b V Lubbers,11403951.0,11382040.0
7032949,11111557,4,b LA Kroesen,11382047.0,
7032949,11191600,1,no,,
7032949,11345794,2,c R Verhagen b J Blankestijn,11191603.0,11382053.0
7032949,11382384,1,no,,
7032949,11617390,2,c Sv Troost b V Lubbers,11403951.0,11191716.0
7032949,11866000,4,b J Ralston,11862283.0,
7032949,11866001,4,b V Lubbers,11403951.0,
7032949,11900880,2,c & b V Lubbers,11403951.0,11403951.0
7032949,11979082,3,lbw  b L Ingram,11191642.0,
7032950,11193361,2,c & b L Turmaine,11399930.0,11399930.0
7032950,11193381,2,c C Floyd b A Abid,11193647.0,11862290.0
7032950,11193413,3,lbw  b L Turmaine,11399930.0,
7032950,11193417,3,lbw  b B Fletcher,11862142.0,
7032950,11193442,1,no,,
7032950,11299375,5,st L Scully b C Floyd,11862290.0,11625296.0
7032950,11392348,3,lbw  b C Floyd,11862290.0,
7032950,11392357,3,lbw  b L Turmaine,11399930.0,
7032950,11619273,3,lbw  b L Turmaine,11399930.0,
7032950,11812783,3,lbw  b L Turmaine,11399930.0,
7032950,12082527,2,c E Eales b S Hake,11193976.0,11862143.0
7032950,11193647,2,c R Klein b MV Van Vliet,11619273.0,11299375.0
7032950,11193727,2,c C Lange de b A Nota,11193442.0,11193413.0
7032950,11193976,6,ro (A Nota),,11193442.0
7032950,11399930,2,c R Klein b MV Van Vliet,11619273.0,11299375.0
7032950,11625296,2,c T Leede de b A Nota,11193442.0,11193417.0
7032950,11625298,2,c L Boissevain b P Boissevain,11193361.0,11392348.0
7032950,11862138,4,b M Molenaar,11812783.0,
7032950,11862142,1,no,,
7032950,11862143,2,c M Molenaar b MV Van Vliet,11619273.0,11812783.0
7032950,11862145,2,c N Gigani b M Molenaar,11812783.0,11193381.0
7032950,11862290,3,lbw  b R Klein,11299375.0,
7032951,11192223,1,no,,
7032951,11394552,2,c R Mason b A Singh,11381351.0,11404050.0
7032951,11617917,1,no,,
7032951,11194440,2,c S Zulfiqar b S Minhas,11617917.0,11192213.0
7032951,11194489,2,c S Kamal b S Tariq,11192210.0,11392354.0
7032951,11298677,3,lbw  b K Shahzad,11407018.0,
7032951,11381351,4,b S Minhas,11617917.0,
7032951,11399626,4,b S Minhas,11617917.0,
7032951,11404046,2,c M Riaz b K Shahzad,11407018.0,11403792.0
7032951,11404047,1,no,,
7032951,11404048,2,c A Zulfiqar b S Zulfiqar,11192213.0,11192223.0
7032951,11404050,2,c F Shinwari b S Tariq,11192210.0,11859217.0
7032951,11404053,6,"ro (B Niaz,F Shinwari)",11859217.0,11382373.0
7032951,11756715,2,c K Shahzad b S Minhas,11617917.0,11407018.0
7032952,11193353,4,b S Braat,11407027.0,
7032952,11399613,2,c R Elenbaas b S Braat,11407027.0,11407024.0
7032952,11399629,4,b M Ekrami,11859287.0,
7032952,11619253,1,no,,
7032952,11862354,1,no,,
7032952,11862356,2,c N Statham b S Braat,11407027.0,11407022.0
7032952,11191894,6,ro (A Leonard),,11862356.0
7032952,11298697,6,"ro (P Charumbira,H Overdijk)",11399616.0,11403987.0
7032952,11407022,2,c YJ Patel b H Overdijk,11399616.0,11194218.0
7032952,11407023,2,c YJ Patel b A Leonard,11862356.0,11194218.0
7032952,11407024,2,c P Charumbira b D Crowley,11619253.0,11403987.0
7032952,11407027,2,c B Gorlee b D Crowley,11619253.0,11399613.0
7032952,11407030,1,no,,
7032952,11617335,2,c DT Doram b H Overdijk,11399616.0,11756640.0
7032952,11617906,2,c YJ Patel b H Overdijk,11399616.0,11194218.0
7032952,11859287,3,lbw  b H Overdijk,11399616.0,
7032952,11859288,2,c T Staal b DT Doram,11756640.0,11399629.0
7032953,11111561,2,c N Etman b J Ralston,11862283.0,11382040.0
7032953,11191600,2,c L Ingram b J Ralston,11862283.0,11191642.0
7032953,11414154,1,no,,
7032953,11617390,2,c Sv Troost b J Ralston,11862283.0,11191716.0
7032953,11866000,4,b J Ralston,11862283.0,
7032953,11866001,3,lbw  b J Blankestijn,11191603.0,
7032953,11900880,1,no,,
7032953,11979082,2,c J Ralston b J Blankestijn,11191603.0,11862283.0
7032953,11191603,1,no,,
7032953,11191642,2,c P Balwantsingh b C Fraser,11979082.0,11111561.0
7032953,11191716,4,b M Hoornweg,11382384.0,
7032953,11382040,4,b K Ahmadi,11414154.0,
7032953,11382047,2,c S Ferguson b J Snoep,11290496.0,11617390.0
7032953,11382048,2,c R Mudford b K Ahmadi,11414154.0,11866001.0
7032953,11382051,2,c R Mudford b M Hoornweg,11382384.0,11866001.0
7032953,11382053,2,c S Ferguson b J Scheepers,11900880.0,11617390.0
7032953,11403951,2,c M Singh b K Ahmadi,11414154.0,11111557.0
7032953,11855810,4,b C Fraser,11979082.0,
7032953,11862283,4,b K Ahmadi,11414154.0,
7032954,11190891,1,no,,
7032954,11394592,3,lbw  b J McKenzie,11859688.0,
7032954,11394599,2,c AF Hoseinbaks b A Jain,11383378.0,11403873.0
7032954,11403866,2,c J McKenzie b A JAIN,11192709.0,11859688.0
7032954,11862357,2,c R Harhangi b J McKenzie,11859688.0,11136654.0
7032954,11862358,1,no,,
7032954,11862359,2,c J McKenzie b A Jain,11383378.0,11859688.0
7032954,11136654,2,c S Potdar b S Kothari,11394599.0,11394592.0
7032954,11192709,2,c & b S Kothari,11394599.0,11394599.0
7032954,11193244,2,c MA Raza b I Sayed,11862359.0,11190891.0
7032954,11383378,2,c Bvd Merwe b D Arya,11394589.0,11862358.0
7032954,11383382,1,no,,
7032954,11391030,2,c G Sheena b R Ahmed,11403866.0,11862357.0
7032954,11403873,1,no,,
7032954,11859291,4,b D Arya,11394589.0,
7032954,11859687,4,b I Sayed,11862359.0,
7032954,11859688,2,c MA Raza b M Hans,11617280.0,11190891.0
7032954,11859689,5,st Bvd Merwe b M Hans,11617280.0,11862358.0
7032955,11191884,1,no,,
7032955,11298697,4,b F Vink,11404044.0,
7032955,11407022,2,c R Mason b B Boddendijk,11404047.0,11404050.0
7032955,11407023,6,ro (F Vink),,11404044.0
7032955,11407024,6,ro (F Vink),,11404044.0
7032955,11407027,4,b LD Bianco,11756715.0,
7032955,11407030,2,c T Walbrugh b F Vink,11404044.0,11298677.0
7032955,11617335,1,no,,
7032955,11617906,3,lbw  b B Boddendijk,11404047.0,
7032955,11859287,3,lbw  b LD Bianco,11756715.0,
7032955,11859288,2,c M Singh b E Boendermaker,11194461.0,11404053.0
7032955,11194440,6,"ro (C Klijnhans,N Statham)",11407022.0,11859288.0
7032955,11194461,3,lbw  b R Elenbaas,11407024.0,
7032955,11298677,3,lbw  b O Elenbaas,11407023.0,
7032955,11399626,2,c C Klijnhans b N Woermeijer,11617335.0,11859288.0
7032955,11404044,2,c N Statham b R Elenbaas,11407024.0,11407022.0
7032955,11404047,1,no,,
7032955,11404048,4,b R Elenbaas,11407024.0,
7032955,11404050,2,c M Ekrami b C Klijnhans,11859288.0,11859287.0
7032955,11404053,2,c C Klijnhans b RY Numair,11191884.0,11859288.0
7032955,11450421,2,c N Statham b R Elenbaas,11407024.0,11407022.0
7032955,11756715,3,lbw  b R Elenbaas,11407024.0,
7032956,11192223,2,c N Kulkarni b MV Van Vliet,11619273.0,11392357.0
7032956,11391641,2,c & b P Boissevain,11193361.0,11193361.0
7032956,11394552,2,c MV Van Vliet b F Lange de,11193415.0,11619273.0
7032956,11403792,2,c L Boissevain b F Lange de,11193415.0,11392348.0
7032956,11407018,1,no,,
7032956,11617917,2,c M Molenaar b OJ White,12082527.0,11812783.0
7032956,11859217,1,no,,
7032956,11193361,2,c A Zulfiqar b S Minhas,11617917.0,11192223.0
7032956,11193381,2,c F Shinwari b S Kamal,11392354.0,11859217.0
7032956,11193413,2,c S Zulfiqar b S Kamal,11392354.0,11192213.0
7032956,11193415,5,st F Shinwari b S Minhas,11617917.0,11859217.0
7032956,11193417,2,c & b S Minhas,11617917.0,11617917.0
7032956,11193442,1,no,,
7032956,11392348,2,c K Shahzad b S Minhas,11617917.0,11407018.0
7032956,11392357,2,c M Riaz b B Niaz,11382373.0,11403792.0
7032956,11619273,2,c S Zulfiqar b S Minhas,11617917.0,11192213.0
7032956,11812783,4,b B Niaz,11382373.0,
7032956,12082527,2,c S Minhas b S Kamal,11392354.0,11617917.0
7032957,11193727,1,no,,
7032957,11625298,1,no,,
7032957,11862138,2,c YJ Patel b A Leonard,11862356.0,11194218.0
7032957,11862145,3,lbw  b J Wiggins,11862354.0,
7032957,11193353,2,c & b B Fletcher,11862142.0,11862142.0
7032957,11194218,2,c L Scully b C Floyd,11862290.0,11625296.0
7032957,11194253,1,no,,
7032957,11399613,2,c U Nashier b B Fletcher,11862142.0,11193727.0
7032957,11399616,2,c U Nashier b S Hake,11193976.0,11193727.0
7032957,11399629,2,c L Scully b B Fletcher,11862142.0,11625296.0
7032957,11403987,5,st L Scully b C Floyd,11862290.0,11625296.0
7032957,11619253,2,c L Scully b B Fletcher,11862142.0,11625296.0
7032957,11862354,2,c J Smal b C Floyd,11862290.0,11625298.0
7032957,11862356,2,c U Nashier b E Eales,11862143.0,11193727.0
7032957,11864827,2,c L Scully b L Turmaine,11399930.0,11625296.0
7032958,11191642,2,c T Bettelheim b AF Hoseinbaks,11403873.0,11859291.0
7032958,11191715,4,b J McKenzie,11859688.0,
7032958,11191716,4,b A Jain,11383378.0,
7032958,11381929,1,no,,
7032958,11382040,2,c J McKenzie b J Schoonheim,11383382.0,11859688.0
7032958,11382047,2,c F Fourie b R Harhangi,11136654.0,11391030.0
7032958,11382053,1,no,,
7032958,11403951,2,c A Jain b J Schoonheim,11383382.0,11383378.0
7032958,11855810,2,c F Fourie b A JAIN,11192709.0,11391030.0
7032958,11192709,1,no,,
7032958,11193244,1,no,,
7032958,11383378,2,c Sv Troost b J Blankestijn,11191603.0,11191716.0
7032958,11391030,2,c Rv Troost b J Ralston,11862283.0,11191715.0
7032958,11510260,2,c N Etman b J Ralston,11862283.0,11382040.0
7032958,11859291,5,st Sv Troost b L Ingram,11191642.0,11191716.0
7032958,11859687,2,c D Mitchell b Rv Troost,11191715.0,11855810.0
7032958,11859688,4,b V Lubbers,11403951.0,
7032959,11190891,4,b U Baker,11191600.0,
7032959,11190895,1,no,,
7032959,11394592,4,b C Fraser,11979082.0,
7032959,11394599,1,no,,
7032959,11403866,3,lbw  b J Scheepers,11900880.0,
7032959,11617280,2,c R Mudford b M Singh,11111557.0,11866001.0
7032959,11862357,2,c C Fraser b U Baker,11191600.0,11979082.0
7032959,11862358,2,c U Baker b M Singh,11111557.0,11191600.0
7032959,11862359,3,lbw  b U Baker,11191600.0,
7032959,11111332,2,c Bvd Merwe b I Sayed,11862359.0,11862358.0
7032959,11111557,2,c G Sheena b M Hans,11617280.0,11862357.0
7032959,11111561,4,b M Hans,11617280.0,
7032959,11178284,4,b M Hans,11617280.0,
7032959,11191600,2,c MA Raza b M Hans,11617280.0,11190891.0
7032959,11290496,1,no,,
7032959,11345794,2,c I Sayed b D Arya,11394589.0,11862359.0
7032959,11617390,4,b S Kothari,11394599.0,
7032959,11866001,4,b I Sayed,11862359.0,
7032959,11900880,2,c MA Raza b S Kothari,11394599.0,11190891.0
7032959,11979082,2,c S Potdar b M Hans,11617280.0,11394592.0
7033011,11136654,2,c C Fraser b U Baker,11191600.0,11979082.0
7033011,11192709,2,c C Fraser b U Baker,11191600.0,11979082.0
7033011,11193244,4,b K Ahmadi,11414154.0,
7033011,11383378,4,b K Ahmadi,11414154.0,
7033011,11383382,1,no,,
7033011,11391030,3,lbw  b M Singh,11111557.0,
7033011,11403873,3,lbw  b M Singh,11111557.0,
7033011,11510260,2,c S Ferguson b J Scheepers,11900880.0,11617390.0
7033011,11859291,2,c R Mudford b J Scheepers,11900880.0,11866001.0
7033011,11859688,2,c R Mudford b J Scheepers,11900880.0,11866001.0
7033011,11859689,2,c T Hoornweg b M Singh,11111557.0,11178284.0
7033011,11111332,4,b R Harhangi,11136654.0,
7033011,11111556,2,c P Recordon b J Schoonheim,11383382.0,11510260.0
7033011,11111557,3,lbw  b R Harhangi,11136654.0,
7033011,11111561,3,lbw  b AF Hoseinbaks,11403873.0,
7033011,11178284,4,b R Harhangi,11136654.0,
7033011,11191600,1,no,,
7033011,11414154,2,c F Fourie b R Harhangi,11136654.0,11391030.0
7033011,11617390,4,b A JAIN,11192709.0,
7033011,11866001,5,st F Fourie b AF Hoseinbaks,11403873.0,11391030.0
7033011,11900880,2,c F Fourie b R Harhangi,11136654.0,11391030.0
7033011,11979082,5,st F Fourie b AF Hoseinbaks,11403873.0,11391030.0
7033012,11394590,4,b L Ingram,11191642.0,
7033012,11394592,1,no,,
7033012,11403866,2,c J Kroesen b J Ralston,11862283.0,11381929.0
7033012,11862357,6,ro,,
7033012,11862358,4,b J Ralston,11862283.0,
7033012,11862359,1,no,,
7033012,11191603,1,no,,
7033012,11191642,2,c I Sayed b M Hans,11617280.0,11862359.0
7033012,11191716,2,c I Sayed b S Kothari,11394599.0,11862359.0
7033012,11381929,2,c Bvd Merwe b S Kothari,11394599.0,11862358.0
7033012,11382040,2,c M Hans b S Kothari,11394599.0,11617280.0
7033012,11382047,4,b I Sayed,11862359.0,
7033012,11382053,2,c J Reddy b S Potdar,11394592.0,11381317.0
7033012,11403951,2,c J Reddy b M Hans,11617280.0,11381317.0
7033012,11855810,2,c A Kumar b S Kothari,11394599.0,11394590.0
7033012,11862283,2,c S Potdar b S Kothari,11394599.0,11394592.0
7033013,11193353,3,lbw  b P Boissevain,11193361.0,
7033013,11194218,2,c & b P Boissevain,11193361.0,11193361.0
7033013,11399613,2,c M Molenaar b A Nota,11193442.0,11812783.0
7033013,11399616,2,c M Molenaar b P Boissevain,11193361.0,11812783.0
7033013,11399629,4,b M Levitt,11619272.0,
7033013,11403987,1,no,,
7033013,11619253,2,c M Molenaar b F Lange de,11193415.0,11812783.0
7033013,11756640,2,c M Molenaar b MV Van Vliet,11619273.0,11812783.0
7033013,11862354,2,c R Klein b MV Van Vliet,11619273.0,11299375.0
7033013,11862356,4,b R Klein,11299375.0,
7033013,11864827,5,st NRJ Croes b P Boissevain,11193361.0,11854467.0
7033013,11193361,2,c YJ Patel b H Overdijk,11399616.0,11194218.0
7033013,11193381,2,c T Staal b A Leonard,11862356.0,11399629.0
7033013,11193413,2,c YJ Patel b J Wiggins,11862354.0,11194218.0
7033013,11193415,4,b H Overdijk,11399616.0,
7033013,11193442,4,b H Overdijk,11399616.0,
7033013,11299375,2,c T Staal b J Wiggins,11862354.0,11399629.0
7033013,11392348,2,c DT Doram b A Leonard,11862356.0,11756640.0
7033013,11619272,2,c H Overdijk b D Crowley,11619253.0,11399616.0
7033013,11619273,1,no,,
7033013,11812783,6,"ro (T Staal,DT Doram)",11756640.0,11399629.0
7033013,11854467,2,c P Charumbira b D Crowley,11619253.0,11403987.0
7033014,11192210,1,no,,
7033014,11192213,2,c E Eales b B Fletcher,11862142.0,11862143.0
7033014,11382373,2,c D Prince b E Eales,11862143.0,11862145.0
7033014,11391641,2,c U Nashier b C Floyd,11862290.0,11193727.0
7033014,11392354,4,b B Fletcher,11862142.0,
7033014,11394552,2,c S Rasool b E Eales,11862143.0,11862138.0
7033014,11394555,4,b B Fletcher,11862142.0,
7033014,11403792,2,c B Fletcher b C Floyd,11862290.0,11862142.0
7033014,11407018,3,lbw  b E Eales,11862143.0,
7033014,11617917,6,ro (J Smal),,11625298.0
7033014,11859217,1,no,,
7033014,11191797,2,c S Zulfiqar b S Kamal,11392354.0,11192213.0
7033014,11193669,2,c MN Ahmad b S Tariq,11192210.0,11391641.0
7033014,11193727,6,ro (S Zulfiqar),,11192213.0
7033014,11193976,1,no,,
7033014,11399930,2,c S Zulfiqar b S Kamal,11392354.0,11394555.0
7033014,11625298,2,c F Shinwari b S Kamal,11392354.0,11859217.0
7033014,11862138,3,lbw  b K Shahzad,11407018.0,
7033014,11862142,2,c & b S Zulfiqar,11192213.0,11192213.0
7033014,11862143,2,c B Niaz b S Tariq,11192210.0,11382373.0
7033014,11862145,2,c S Zulfiqar b S Tariq,11192210.0,11394555.0
7033014,11862290,4,b S Zulfiqar,11192213.0,
7033015,11193669,1,no,,
7033015,11625298,1,no,,
7033015,11862138,2,c NRJ Croes b MV Van Vliet,11619273.0,11854467.0
7033015,11862145,4,b M Levitt,11619272.0,
7033015,11193381,2,c D Prince b B Fletcher,11862142.0,11862145.0
7033015,11193413,2,c C Floyd b B Fletcher,11862142.0,11862290.0
7033015,11193415,1,no,,
7033015,11193417,3,lbw  b S Ahmad,11191797.0,
7033015,11193442,1,no,,
7033015,11299375,2,c & b S Ahmad,11191797.0,11191797.0
7033015,11392348,5,st D Prince b C Floyd,11862290.0,11862145.0
7033015,11619272,2,c V Singh b E Eales,11862143.0,11193669.0
7033015,11619273,2,c C Floyd b S Ahmad,11191797.0,11862290.0
7033015,11812783,2,c J Smal b E Eales,11862143.0,11625298.0
7033015,11854467,2,c D Prince b S Ahmad,11191797.0,11862145.0
7033016,11192210,1,no,,
7033016,11192213,6,ro,,
7033016,11382373,2,c D Prince b V Singh,11193669.0,11862145.0
7033016,11391641,2,c L Scully b S Ahmad,11191797.0,11625296.0
7033016,11392354,4,b C Floyd,11862290.0,
7033016,11394552,2,c S Hake b B Fletcher,11862142.0,11193976.0
7033016,11394555,2,c J Smal b S Ahmad,11191797.0,11625298.0
7033016,11403792,2,c L Scully b V Singh,11193669.0,11625296.0
7033016,11407018,1,no,,
7033016,11617917,2,c L Scully b B Fletcher,11862142.0,11625296.0
7033016,11859217,2,c L Scully b V Singh,11193669.0,11625296.0
7033016,11191797,1,no,,
7033016,11193669,2,c S Zulfiqar b S Kamal,11392354.0,11394555.0
7033016,11193727,2,c S Zulfiqar b MN Ahmad,11391641.0,11394555.0
7033016,11625296,1,no,,
7033016,11625298,2,c S Minhas b B Niaz,11382373.0,11617917.0
7033016,11862138,2,c S Zulfiqar b S Tariq,11192210.0,11192213.0
7033016,11862143,2,c F Shinwari b S Zulfiqar,11192213.0,11859217.0
7033016,11862145,2,c S Zulfiqar b S Tariq,11192210.0,11192213.0
7033016,11862290,2,c S Zulfiqar b K Shahzad,11407018.0,11192213.0
